﻿<?xml version="1.0" encoding="utf-8" ?>
<?xml-stylesheet type="text/xsl" href="rss.xslt" version="1.0" ?>
<rss version="2.0">
<channel>
<title>南方数据企业网站管理系统</title>
<link>http://china.0791idc.com/demo/</link>
<language>zh-cn</language>
<copyright>RSS Feed By www.southidc.net</copyright>
<item>
<title><![CDATA[南方数据企业网站管理系统access版V17.0下载]]></title>
<link>../NewsShow.asp?ID=1</link>
<description><![CDATA[南方数据企业网站管理系统access版V17.0下载]]></description>
<pubDate>Tue, 25 Mar 2014 09:02:15  08:00</pubDate>
<author>南方数据企业网站管理系统</author>
<category>2012</category>
</item>
<item>
<title><![CDATA[南方数据企业网站管理系统系统需求]]></title>
<link>../NewsShow.asp?ID=16</link>
<description><![CDATA[南方数据企业网站管理系统系统需求]]></description>
<pubDate>Tue, 25 Mar 2014 09:01:58  08:00</pubDate>
<author>南方数据企业网站管理系统</author>
<category>2011</category>
</item>
<item>
<title><![CDATA[南方数据企业网站管理系统是否安全]]></title>
<link>../NewsShow.asp?ID=17</link>
<description><![CDATA[南方数据企业网站管理系统是否安全]]></description>
<pubDate>Tue, 25 Mar 2014 09:01:49  08:00</pubDate>
<author>南方数据企业网站管理系统</author>
<category>2011</category>
</item>
<item>
<title><![CDATA[用户最关心《南方数据企业网站管理系统V16 HTML静态页面版》七大主要优势]]></title>
<link>../NewsShow.asp?ID=21</link>
<description><![CDATA[用户最关心《南方数据企业网站管理系统V16 HTML静态页面版》七大主要优势]]></description>
<pubDate>Tue, 25 Mar 2014 08:59:58  08:00</pubDate>
<author>南方数据企业网站管理系统</author>
<category>2012</category>
</item>
<item>
<title><![CDATA[马云对话吴小莉谈电子商务的8大观点]]></title>
<link>../NewsShow.asp?ID=26</link>
<description><![CDATA[马云对话吴小莉谈电子商务的8大观点]]></description>
<pubDate>Tue, 04 Mar 2014 15:22:16  08:00</pubDate>
<author>南方数据企业网站管理系统</author>
<category>2014</category>
</item>
<item>
<title><![CDATA[南方数据企业网站管理系统V17.0 ACCESS版成功发布]]></title>
<link>../NewsShow.asp?ID=4</link>
<description><![CDATA[南方数据企业网站管理系统V17.0 ACCESS版成功发布]]></description>
<pubDate>Mon, 10 Feb 2014 14:59:55  08:00</pubDate>
<author>南方数据企业网站管理系统</author>
<category>2012</category>
</item>
<item>
<title><![CDATA[南方数据企业网站管理系统V17新增功能]]></title>
<link>../NewsShow.asp?ID=15</link>
<description><![CDATA[南方数据企业网站管理系统V17新增功能]]></description>
<pubDate>Mon, 10 Feb 2014 14:59:33  08:00</pubDate>
<author>南方数据企业网站管理系统</author>
<category>2014</category>
</item>
<item>
<title><![CDATA[专访linkedIn创始人霍夫曼：300万用户在中国]]></title>
<link>../NewsShow.asp?ID=25</link>
<description><![CDATA[专访linkedIn创始人霍夫曼：300万用户在中国]]></description>
<pubDate>Mon, 20 Jan 2014 11:26:00  08:00</pubDate>
<author>南方数据企业网站管理系统</author>
<category>2014</category>
</item>
<item>
<title><![CDATA[周鸿祎：只要对用户好我什么人都不怕得罪]]></title>
<link>../NewsShow.asp?ID=24</link>
<description><![CDATA[周鸿祎：只要对用户好我什么人都不怕得罪]]></description>
<pubDate>Thu, 19 Dec 2013 11:20:44  08:00</pubDate>
<author>南方数据企业网站管理系统</author>
<category>2014</category>
</item>
<item>
<title><![CDATA[雷军：移动互联网创业仍有大把机会]]></title>
<link>../NewsShow.asp?ID=23</link>
<description><![CDATA[雷军：移动互联网创业仍有大把机会]]></description>
<pubDate>Wed, 18 Dec 2013 11:19:44  08:00</pubDate>
<author>南方数据企业网站管理系统</author>
<category>2014</category>
</item>
<item>
<title><![CDATA[本机调试好系统后，如何上传到空间上？]]></title>
<link>../NewsShow.asp?ID=14</link>
<description><![CDATA[]]></description>
<pubDate>Fri, 18 Jan 2013 19:56:19  08:00</pubDate>
<author>南方数据企业网站管理系统</author>
<category>2012</category>
</item>
<item>
<title><![CDATA[当SQL数据库日志文件已满，或者日志很大，怎么办？]]></title>
<link>../NewsShow.asp?ID=11</link>
<description><![CDATA[]]></description>
<pubDate>Wed, 09 Jan 2013 13:41:52  08:00</pubDate>
<author>南方数据企业网站管理系统</author>
<category>2011</category>
</item>
<item>
<title><![CDATA[南方数据系统如何才能在Win2003下正常运行？]]></title>
<link>../NewsShow.asp?ID=18</link>
<description><![CDATA[]]></description>
<pubDate>Thu, 15 Nov 2012 11:15:27  08:00</pubDate>
<author>南方数据企业网站管理系统</author>
<category>2011</category>
</item>
<item>
<title><![CDATA[南方数据得到用户的一致好评]]></title>
<link>../NewsShow.asp?ID=19</link>
<description><![CDATA[南方数据得到用户的一致好评]]></description>
<pubDate>Fri, 20 Jul 2012 17:22:14  08:00</pubDate>
<author>南方数据企业网站管理系统</author>
<category>2012</category>
</item>
<item>
<title><![CDATA[宝马7系750Li]]></title>
<link>../ProductShow.asp?ID=18</link>
<description><![CDATA[还会推出超长轴距版本以及轴距超过3.4米用以替代迈巴赫的pullman车型]]></description>
<pubDate>Thu, 27 Feb 2014 13:15:52  08:00</pubDate>
<author>南方数据企业网站管理系统</author>
<category>750Li</category>
</item>
<item>
<title><![CDATA[宝马3系2010款318i]]></title>
<link>../ProductShow.asp?ID=1</link>
<description><![CDATA[两周之前，我们已经对新款的320Li和335Li进行了性能测试]]></description>
<pubDate>Tue, 24 Dec 2013 11:49:31  08:00</pubDate>
<author>南方数据企业网站管理系统</author>
<category>宝马3系</category>
</item>
<item>
<title><![CDATA[宝马530i]]></title>
<link>../ProductShow.asp?ID=2</link>
<description><![CDATA[近日海外媒体称，宝马全新一代5系车型未来将新增一款三缸涡轮增压柴油发动机，预计该车有望于2016年亮相]]></description>
<pubDate>Tue, 24 Dec 2013 11:34:46  08:00</pubDate>
<author>南方数据企业网站管理系统</author>
<category>宝马5系</category>
</item>
<item>
<title><![CDATA[宝马7系760Li]]></title>
<link>../ProductShow.asp?ID=3</link>
<description><![CDATA[宝马将推出这样一款7系并非空穴来风。我们知道，奔驰新一代S级将推出多个轴距版本车型]]></description>
<pubDate>Tue, 24 Dec 2013 11:34:33  08:00</pubDate>
<author>南方数据企业网站管理系统</author>
<category>760Li</category>
</item>
<item>
<title><![CDATA[奔驰C级]]></title>
<link>../ProductShow.asp?ID=5</link>
<description><![CDATA[动力系统方面，奔驰全新C250车型将搭载的是一台2.0升涡轮增压发动机，其最大输出功率为211马力]]></description>
<pubDate>Tue, 24 Dec 2013 11:34:22  08:00</pubDate>
<author>南方数据企业网站管理系统</author>
<category>奔驰C级</category>
</item>
<item>
<title><![CDATA[奔驰S级2010款S400LHybrid]]></title>
<link>../ProductShow.asp?ID=6</link>
<description><![CDATA[奔驰带来中国大陆市场的全新S级共有四款车型：S400L两款、S400L混合动力一款、S500L一款]]></description>
<pubDate>Tue, 24 Dec 2013 11:34:05  08:00</pubDate>
<author>南方数据企业网站管理系统</author>
<category>奔驰S级</category>
</item>
<item>
<title><![CDATA[奥迪A4L]]></title>
<link>../ProductShow.asp?ID=7</link>
<description><![CDATA[奥迪A4L，在豪华品牌中型车领域长期以来保持着领头羊的地位，月均1万台以上的销量]]></description>
<pubDate>Tue, 24 Dec 2013 11:33:18  08:00</pubDate>
<author>南方数据企业网站管理系统</author>
<category>奥迪A4L</category>
</item>
<item>
<title><![CDATA[奥迪A8L]]></title>
<link>../ProductShow.asp?ID=10</link>
<description><![CDATA[新奥迪A8系列车型搭载了quattro全时四驱系统和4.0 TFSI发动机]]></description>
<pubDate>Tue, 24 Dec 2013 11:32:20  08:00</pubDate>
<author>南方数据企业网站管理系统</author>
<category>奥迪A8L</category>
</item>
<item>
<title><![CDATA[奥迪A6L]]></title>
<link>../ProductShow.asp?ID=11</link>
<description><![CDATA[将推出的是第6代7系车型，内部代号是G11，目前该车已经在海外路试]]></description>
<pubDate>Tue, 24 Dec 2013 11:32:04  08:00</pubDate>
<author>南方数据企业网站管理系统</author>
<category>奥迪A6L</category>
</item>
<item>
<title><![CDATA[现代伊兰特]]></title>
<link>../ProductShow.asp?ID=15</link>
<description><![CDATA[韩系车汽车品牌不多，在国内销售最好、关注度最好的要数现代。]]></description>
<pubDate>Tue, 24 Dec 2013 11:31:09  08:00</pubDate>
<author>南方数据企业网站管理系统</author>
<category>北京现代</category>
</item>
<item>
<title><![CDATA[比亚迪F6]]></title>
<link>../ProductShow.asp?ID=16</link>
<description><![CDATA[F6是比亚迪从利润薄弱的低端市场拐向高端的最重要棋子。]]></description>
<pubDate>Tue, 24 Dec 2013 11:30:58  08:00</pubDate>
<author>南方数据企业网站管理系统</author>
<category>比亚迪</category>
</item>
<item>
<title><![CDATA[凯美瑞]]></title>
<link>../ProductShow.asp?ID=17</link>
<description><![CDATA[在第五代CAMRY进入第五个年头的一月份，美国底特律车展上，第六代CAMRY卓然而出。]]></description>
<pubDate>Tue, 24 Dec 2013 11:30:23  08:00</pubDate>
<author>南方数据企业网站管理系统</author>
<category>丰田</category>
</item>
</channel>
</rss>
